run,energy_joules,duration_ms,error_flag
1,10.168221807119108,5597,False
2,10.854178643733155,5754,False
3,12.179875673717573,8053,False
4,10.727586239817004,5975,False
5,10.455955229990565,5954,False
