run,energy_joules,duration_ms,error_flag
1,16.43588755763212,7579,False
2,16.262192177876916,7881,False
3,16.202389945044605,8068,False
4,16.58606027528461,8272,False
5,16.81664481649223,7789,False
