run,energy_joules,duration_ms,error_flag
1,16.386616122136328,8600,False
2,15.610783155676726,6258,False
3,15.289466257214565,6170,False
4,18.28083129501799,7361,False
5,16.519794586963023,8175,False
