run,energy_joules,duration_ms,error_flag
1,45.762235018597345,49847,False
2,38.53094793229988,31474,False
3,37.5013417854182,29293,False
4,38.08154106058086,30468,False
5,40.078504521165364,30959,False
