run,energy_joules,duration_ms,error_flag
1,23.395987737918276,13849,False
2,18.950908278323908,14028,False
3,20.208826143880685,9235,False
4,23.668204148402577,17978,False
5,18.089335969892733,10704,False
