run,energy_joules,duration_ms,error_flag
1,13.920751380644822,5974,False
2,13.640434651313134,5905,False
3,13.29073507690329,6378,False
4,12.123654998962396,5807,False
5,12.71884046038534,6197,False
