run,energy_joules,duration_ms,error_flag
1,6.78310699762581,3161,False
2,7.528542321970698,3112,False
3,7.929743681811189,3323,False
4,7.0767892336624385,3228,False
5,6.265515492147434,3056,False
