run,energy_joules,duration_ms,error_flag
1,19.453005969798994,10543,False
2,21.616103703798853,13828,False
3,26.844354059751506,18835,False
4,18.104149688056093,10983,False
5,25.531262199703082,17609,False
