run,energy_joules,duration_ms,error_flag
1,15.096556131788539,6748,False
2,15.631452077722713,7222,False
3,15.263000604339737,6805,False
4,15.677300468987934,7395,False
5,14.884231184282946,6671,False
