run,energy_joules,duration_ms,error_flag
1,28.813949259178603,14579,False
2,30.947826486330264,14596,False
3,31.05365505249946,15270,False
5,25.897830500525718,15409,False
5,33.047467534303344,16625,False
