run,energy_joules,duration_ms,error_flag
1,9.893057616623354,3977,False
3,7.936828772353209,5179,False
4,9.198989456579609,4124,False
5,7.557727771126525,4598,False
5,9.717100873600636,4990,False
