run,energy_joules,duration_ms,error_flag
1,16.713343853077756,9622,False
2,15.78207890780397,8247,False
3,17.320499592436054,7814,False
4,17.831884072709194,7536,False
5,20.148793930538584,11028,False
