run,energy_joules,duration_ms,error_flag
1,22.791961393062248,13480,False
2,27.290615230340066,21660,False
3,24.475884994571306,21686,False
4,25.858309105177334,21870,False
5,22.261333826858586,14603,False
