run,energy_joules,duration_ms,error_flag
1,13.306967094852233,8108,False
2,12.652505882589715,7798,False
3,13.588833291475725,8879,False
4,13.157506161079377,7846,False
5,13.590111825391249,8407,False
