run,energy_joules,duration_ms,error_flag
1,23.44082273797051,8762,False
2,20.706738043152857,8482,False
3,24.250658206868273,10642,False
4,25.83237278311431,11167,False
5,27.823966622163827,10391,False
