run,energy_joules,duration_ms,error_flag
1,16.635865365775814,7146,False
2,15.735804154860405,7059,False
3,16.49741877586285,7402,False
4,18.420683616976177,8356,False
5,18.219490096752992,7292,False
