run,energy_joules,duration_ms,error_flag
1,34.70104733660623,16236,False
2,31.82494199972404,17917,False
3,34.467539948572416,15971,False
4,34.947897609588516,15063,False
5,28.72890651606562,16596,False
