run,energy_joules,duration_ms,error_flag
1,25.881465242133245,21506,False
2,23.707687610564562,15505,False
3,21.80828275480225,14273,False
4,22.962200656747537,14013,False
5,23.722632661216814,15977,False
