run,energy_joules,duration_ms,error_flag
1,28.630981949893318,13127,False
2,30.685894325166093,15650,False
3,29.353344855207002,12518,False
4,29.9938355522049,12871,False
5,29.655154723839637,13371,False
