run,energy_joules,duration_ms,error_flag
1,87.55365247640944,49237,False
2,85.66309853231841,48574,False
3,86.05196425519073,50029,False
4,87.59769027323796,47273,False
5,87.37786518931838,48356,False
