run,energy_joules,duration_ms,error_flag
1,12.762483519085105,8191,False
2,16.203335390528483,8779,False
3,14.989558596413822,7839,False
4,16.452804319071333,8659,False
5,15.770633492822697,8671,False
