run,energy_joules,duration_ms,error_flag
1,31.231685376170635,14222,False
2,26.975944612711732,12665,False
3,28.069741123884675,11951,False
4,26.27565802490442,12352,False
5,28.79271274024542,12586,False
