run,energy_joules,duration_ms,error_flag
1,23.770460258830404,10169,False
2,20.86786780739515,9619,False
3,21.552791280731963,9146,False
4,22.91861965528183,8644,False
5,22.06495375985942,9151,False
