run,energy_joules,duration_ms,error_flag
1,20.346298843222502,9918,False
2,20.924238734827227,9837,False
3,23.426535695081835,11857,False
4,18.006572004179404,10629,False
5,21.747085384381222,10584,False
