run,energy_joules,duration_ms,error_flag
1,25.170148323204987,11656,False
2,26.84846098431837,11693,False
3,26.375006962450136,10944,False
4,27.369565907477263,12501,False
5,22.462410767133147,12832,False
