run,energy_joules,duration_ms,error_flag
1,23.002469173692937,10250,False
2,22.63573553067438,9678,False
3,21.638054328949885,10604,False
4,23.89332613591286,11738,False
5,25.970075789299624,13573,False
