run,energy_joules,duration_ms,error_flag
1,16.51298397046819,9691,False
2,15.286285781222777,6642,False
3,14.482237275674779,5509,False
4,14.132630477726195,6192,False
5,13.315474860883626,7765,False
