run,energy_joules,duration_ms,error_flag
1,15.691605406683744,6745,False
2,15.45878819826191,7765,False
3,16.206004810700218,7063,False
4,17.060675006374787,6642,False
5,15.879121597120037,6633,False
