run,energy_joules,duration_ms,error_flag
1,32.87655090080155,15632,False
2,30.36354277953669,14063,False
3,35.345285199823195,16853,False
4,34.848865454118474,14490,False
5,35.0335101295553,16526,False
