run,energy_joules,duration_ms,error_flag
1,12.212484070234861,5744,False
2,14.155377838205263,7095,False
3,12.765788499620673,6243,False
4,12.401957654866177,6107,False
5,13.884090010644407,7598,False
