run,energy_joules,duration_ms,error_flag
1,27.28991841648493,12716,False
2,27.350539202052698,11810,False
3,26.9809341294265,11892,False
4,27.397075544341686,12929,False
5,28.92323549979085,13097,False
