run,energy_joules,duration_ms,error_flag
1,13.825483382918526,8437,False
2,13.08205484589511,8544,False
3,12.104268650701508,7945,False
4,13.761874887587387,9447,False
5,12.735575677706482,7878,False
