run,energy_joules,duration_ms,error_flag
1,18.142473286860195,10726,False
2,14.8597555883369,9853,False
3,16.652391362067032,9978,False
4,17.525135695038063,9249,False
5,17.81395717691608,9126,False
