run,energy_joules,duration_ms,error_flag
1,40.45907810807192,18922,False
2,41.423434784198825,19307,False
3,52.817208059415876,28648,False
4,41.17788399580174,20263,False
5,41.203893230208166,19884,False
