run,energy_joules,duration_ms,error_flag
1,32.81730989853531,12876,False
2,32.785091065525386,12891,False
3,33.05767550054235,13063,False
4,34.036568199926684,12842,False
5,33.63944601147914,13588,False
