run,energy_joules,duration_ms,error_flag
1,22.9871088964749,10199,False
2,23.480945483557317,11578,False
3,28.17999496599781,9743,False
4,22.72908778163258,11591,False
5,22.762654224594773,9891,False
