run,energy_joules,duration_ms,error_flag
1,16.96174842723146,8374,False
2,16.281510184769726,9274,False
3,17.328227218795234,8791,False
4,15.743065745441738,8432,False
5,14.269482105837278,8969,False
