run,energy_joules,duration_ms,error_flag
1,85.23207321685065,45441,False
2,84.90924977704599,45990,False
3,87.4649403445802,50232,False
4,86.52012772556652,45656,False
5,82.3207088367284,42701,False
