run,energy_joules,duration_ms,error_flag
1,16.4616560377895,7840,False
2,42.79971421040683,40405,False
3,17.12768742361382,7367,False
4,15.887926090729376,7580,False
5,16.249686271180067,8086,False
