run,energy_joules,duration_ms,error_flag
1,16.966873486723188,8399,False
2,17.97846365062678,8908,False
3,16.76147478700084,7240,False
4,17.96905582674102,8829,False
5,16.459390756129725,8268,False
