run,energy_joules,duration_ms,error_flag
1,16.05838062927035,8955,False
2,17.87397665315275,11145,False
3,16.864934599555383,10148,False
4,20.22782575985957,10838,False
5,15.01590970762301,8567,False
