run,energy_joules,duration_ms,error_flag
1,21.677873254851974,15079,False
2,25.875499648368876,21449,False
3,24.29192794755494,20407,False
4,23.903446451915332,14453,False
5,25.383472227282798,14708,False
