run,energy_joules,duration_ms,error_flag
1,9.23674271582436,4592,False
2,9.010376525516032,4283,False
3,8.703616430806111,4378,False
4,8.78635696275304,4380,False
5,9.586894059530298,4208,False
