run,energy_joules,duration_ms,error_flag
1,40.90940357240597,17280,False
2,41.842154981133035,18392,False
3,23.109436417395454,10329,False
4,42.29074137385365,18036,False
5,41.62813766818352,17030,False
