run,energy_joules,duration_ms,error_flag
1,29.0246750364936,16673,False
2,22.602042185753344,9584,False
3,22.781663008200606,9661,False
4,23.215342590356364,9839,False
5,22.829596480079182,9589,False
