run,energy_joules,duration_ms,error_flag
1,16.17383767642138,8658,False
2,16.41553028023174,8563,False
3,14.832448545825558,10043,False
4,16.174996624322063,8606,False
5,18.284810550305867,10187,False
