run,energy_joules,duration_ms,error_flag
1,13.328838391288537,6325,False
2,15.55100314501116,6977,False
3,16.144408880652268,5814,False
4,13.21726347864412,5592,False
5,13.421655627824023,5312,False
