run,energy_joules,duration_ms,error_flag
1,33.49378349346901,17461,False
2,45.089704450095574,30597,False
3,34.50661965469305,22755,False
4,41.71962284370484,24847,False
5,35.04210063022767,18134,False
