run,energy_joules,duration_ms,error_flag
1,8.679949218785323,4800,False
2,8.685592497500805,4501,False
3,8.551803490385772,4481,False
4,7.1571162889291635,4625,False
5,10.729100528273767,4931,False
