run,energy_joules,duration_ms,error_flag
1,15.649578375824785,8909,False
2,16.32009616763866,8714,False
3,16.22796100584286,9065,False
4,13.936437324157023,9322,False
5,17.436436629378985,8967,False
