run,energy_joules,duration_ms,error_flag
1,18.527064769273153,7503,False
2,15.545105204780917,8476,False
3,16.66979810615214,7880,False
5,17.07068168370569,7203,False
5,17.891215492005625,8292,False
