run,energy_joules,duration_ms,error_flag
1,34.640273599332716,13893,False
2,33.420204162251665,12804,False
3,35.82348325725836,14043,False
4,31.89910854295977,11828,False
5,34.83194295752562,12388,False
