run,energy_joules,duration_ms,error_flag
1,20.885643297211253,10153,False
2,20.883759884430948,10383,False
3,24.71558804801069,9722,False
4,21.918023227545884,9337,False
5,20.983497027031788,9577,False
