run,energy_joules,duration_ms,error_flag
1,15.965943341821447,10335,False
2,15.645024568908825,9895,False
3,13.300639117763062,10388,False
5,15.122431186972028,9134,False
5,16.61868546410869,11222,False
