run,energy_joules,duration_ms,error_flag
1,30.34324802924933,14417,False
2,29.17439532997017,13267,False
3,26.754089428247624,11217,False
4,26.84419550980942,12222,False
5,27.077243178498122,12913,False
