run,energy_joules,duration_ms,error_flag
1,20.756136439643136,9144,False
2,22.069544321262583,8828,False
3,23.561105476750594,9034,False
4,20.284311430031313,8699,False
5,21.839665660007125,8545,False
