run,energy_joules,duration_ms,error_flag
1,36.72959799515648,17017,False
2,34.90147728760036,15322,False
3,32.441488756666836,13751,False
5,29.220068827447253,15903,False
5,37.92969093868207,20751,False
