run,energy_joules,duration_ms,error_flag
1,25.40907544047079,19660,False
2,29.29406878679295,27624,False
3,24.16407112612398,18954,False
4,26.410202051853076,19715,False
5,25.136322157372266,19861,False
