run,energy_joules,duration_ms,error_flag
1,23.063761851572274,11113,False
2,21.174109567757995,9489,False
3,21.213680181126797,11460,False
4,21.573098292412165,9751,False
5,24.189118532656902,10540,False
