run,energy_joules,duration_ms,error_flag
1,15.551239065089899,8169,False
2,17.36885429821799,8528,False
3,16.55532009112242,9309,False
4,15.259358491765118,9980,False
5,16.359511958483726,9097,False
