run,energy_joules,duration_ms,error_flag
1,21.582710432227923,10721,False
2,19.936608224501832,8895,False
3,17.566500716365752,8626,False
4,14.965065641056823,6950,False
5,17.037269090220033,7438,False
