run,energy_joules,duration_ms,error_flag
1,17.23928470358281,8861,False
2,16.73506501921355,6801,False
3,15.278486504574174,7348,False
4,16.87797652007459,7964,False
5,16.51995226292782,8146,False
