run,energy_joules,duration_ms,error_flag
1,24.418517093084635,12266,False
2,25.542688021532758,12125,False
3,26.40588344359859,12640,False
4,25.982425107953244,13071,False
5,26.113252083867085,12350,False
