run,energy_joules,duration_ms,error_flag
1,26.933308459763115,11027,False
2,28.22324588002981,12379,False
3,26.961269853751592,12789,False
4,28.434946599857238,11717,False
5,26.74341141766451,11759,False
