run,energy_joules,duration_ms,error_flag
1,23.259573823528473,10847,False
2,20.83759761779078,9607,False
3,19.721928950385223,9030,False
4,19.53388940119337,11378,False
5,20.622399663660975,9225,False
