run,energy_joules,duration_ms,error_flag
1,18.45643222528022,9643,False
2,20.38589920382087,8945,False
3,20.233626072335305,9271,False
4,21.97561194668074,16371,False
5,22.606856402528237,9827,False
