run,energy_joules,duration_ms,error_flag
1,42.971001719446996,18365,False
2,41.08059954558516,18051,False
3,41.07883938074171,17782,False
4,27.471921981960563,11870,False
5,42.88095388437125,19213,False
