run,energy_joules,duration_ms,error_flag
1,24.94791403274538,10712,False
2,25.54311200796397,11313,False
3,24.976332395789136,10213,False
4,27.43171696175186,11421,False
5,24.01057370175429,10822,False
