run,energy_joules,duration_ms,error_flag
1,16.70515054041726,6922,False
2,15.93589809267219,7511,False
3,15.894622902009473,7274,False
4,16.150307812253246,7196,False
5,15.454124114754164,9602,False
