run,energy_joules,duration_ms,error_flag
1,12.925229080769666,8200,False
2,12.440598089634866,8237,False
3,12.010470501216883,7723,False
4,11.304749230083392,10018,False
5,12.544948393241054,8248,False
