run,energy_joules,duration_ms,error_flag
1,8.838922778682965,4682,False
2,9.716968979089133,4800,False
3,8.828166014091279,4907,False
4,8.308781901987539,5499,False
5,10.167941651096934,6404,False
