run,energy_joules,duration_ms,error_flag
1,14.57347359607351,7003,False
2,12.91920102678114,6436,False
3,16.163342133943154,11446,False
5,10.968133481881738,7139,False
5,13.54008789530108,6697,False
