run,energy_joules,duration_ms,error_flag
1,12.150950735742697,5304,False
2,13.200606887532345,6524,False
3,12.526349427420874,5321,False
4,10.059859984054365,5748,False
5,12.331359236148682,5317,False
