run,energy_joules,duration_ms,error_flag
1,17.26554705727132,8022,False
2,46.08738985937688,63152,False
3,17.621715736594936,8977,False
4,18.38872862411012,8514,False
5,18.942058878917283,9165,False
