run,energy_joules,duration_ms,error_flag
1,38.71100700421587,18073,False
2,40.91892810622648,19987,False
3,33.891092154076276,19452,False
4,39.67204344221038,19471,False
5,29.85755547684105,13679,False
