run,energy_joules,duration_ms,error_flag
1,33.35792345763259,16159,False
2,35.10336736180305,20629,False
3,39.80872759075279,19169,False
4,41.09582060841954,18702,False
5,39.08158540619978,18454,False
