run,energy_joules,duration_ms,error_flag
1,25.541721637233593,21083,False
2,23.747773314702854,15787,False
3,25.77893645997738,21256,False
4,21.81051898183947,16367,False
5,23.806147028345954,15505,False
