run,energy_joules,duration_ms,error_flag
1,14.769481488160446,7335,False
2,14.575997965493366,5970,False
3,14.764270035631384,6027,False
4,12.052099339530619,6989,False
5,13.14801039865874,6143,False
