run,energy_joules,duration_ms,error_flag
1,20.821410797846724,9859,False
2,21.93446433361382,10832,False
3,20.455627838884144,9837,False
4,20.079181111295863,9376,False
5,19.790670040959814,9506,False
