run,energy_joules,duration_ms,error_flag
1,26.252391360173963,18659,False
2,17.209531398441662,9369,False
3,18.1274124302793,9225,False
4,18.035657838261745,9252,False
5,16.581737233996503,9064,False
