run,energy_joules,duration_ms,error_flag
1,23.692718335399846,12567,False
2,26.444335609304698,12318,False
3,25.454934834858804,13220,False
4,26.567403866172594,12549,False
5,26.263682233057263,12705,False
