run,energy_joules,duration_ms,error_flag
1,16.591612648793316,9723,False
2,17.58347088845015,10220,False
3,15.490515510587981,9709,False
4,17.488909588142356,9259,False
5,15.439484228980024,11600,False
