run,energy_joules,duration_ms,error_flag
1,29.637382969834523,11826,False
2,27.75776249969493,12720,False
3,30.529410878159265,13997,False
4,29.933834695913692,14218,False
5,30.34055813869277,12225,False
