run,energy_joules,duration_ms,error_flag
1,25.670679707195138,20014,False
2,22.512852326815267,19693,False
3,22.421216977208452,20143,False
4,25.745995249106613,19084,False
5,27.69299062693626,25802,False
