run,energy_joules,duration_ms,error_flag
1,25.037586132127434,10581,False
2,24.17942046825343,10624,False
3,24.35453174605723,10863,False
4,24.473975537500575,10690,False
5,24.552294157053325,10342,False
