run,energy_joules,duration_ms,error_flag
1,13.321691079066131,5904,False
2,12.066801705655873,5661,False
3,13.643298808295683,5852,False
4,14.908875352257647,5819,False
5,12.689116614887045,5844,False
