run,energy_joules,duration_ms,error_flag
1,12.46922790739159,4866,False
2,13.467870545100578,6279,False
3,13.469110872640524,5818,False
4,12.519706592312678,5494,False
5,13.287624180642824,6706,False
