run,energy_joules,duration_ms,error_flag
1,17.954925306853916,9848,False
2,18.237314471669055,10519,False
3,14.67763672414079,10573,False
4,18.745711958848226,11710,False
5,17.735011189104497,10073,False
