run,energy_joules,duration_ms,error_flag
1,29.32604131044967,13244,False
2,26.852974578024266,11815,False
3,27.675665488360753,11731,False
4,26.46812718233543,11689,False
5,26.222546712403574,11834,False
