run,energy_joules,duration_ms,error_flag
1,16.950704289521852,8716,False
2,17.53560175892998,8947,False
3,16.435660649847826,8220,False
4,17.603941122172053,8755,False
5,17.229604668885326,7662,False
