run,energy_joules,duration_ms,error_flag
1,12.498718253907303,5112,False
2,12.809047079297295,4894,False
3,12.3960507203973,5064,False
4,11.730319680245607,5003,False
5,11.63702053179855,4877,False
