run,energy_joules,duration_ms,error_flag
1,26.575034095707167,13130,False
2,23.946593580279703,11265,False
3,25.58297802143595,13070,False
4,24.551198498290766,12818,False
5,24.327374728961583,11479,False
