run,energy_joules,duration_ms,error_flag
1,38.72054544029975,22982,False
2,37.88164634470726,21759,False
3,43.431561146918256,29205,False
4,40.30344513064792,21546,False
5,38.717773075603674,21456,False
