run,energy_joules,duration_ms,error_flag
1,43.33722693496897,20414,False
2,38.30455807033455,19641,False
3,37.03957006759987,23251,False
4,40.96738870759245,19624,False
5,41.811085292430754,19608,False
