run,energy_joules,duration_ms,error_flag
1,19.713551185308745,10947,False
2,19.155455552079427,10463,False
3,17.89823319538756,11449,False
4,19.354531082606563,9713,False
5,19.98230067518449,8998,False
