run,energy_joules,duration_ms,error_flag
1,25.647557859043477,18323,False
2,17.634010105886684,9964,False
3,30.88015415422013,18483,False
4,27.628419719696833,21347,False
5,18.299732846424483,9540,False
