run,energy_joules,duration_ms,error_flag
1,19.396379402157187,9396,False
2,20.689132244649493,9973,False
3,18.549782969780846,8848,False
5,19.328098656306363,9436,False
5,18.44559489377407,8844,False
