run,energy_joules,duration_ms,error_flag
1,107.02908088449132,57505,False
2,106.08799927971961,57534,False
3,108.71760597006762,58745,False
4,108.07966771527262,57058,False
5,108.48883292622746,58199,False
