run,energy_joules,duration_ms,error_flag
1,14.729082818511325,8346,False
2,18.1027072775005,8861,False
3,14.673010460362319,6921,False
4,18.338513778791558,8457,False
5,13.67721609248085,6616,False
