run,energy_joules,duration_ms,error_flag
1,20.468641016608007,8934,False
2,24.771129010668545,10565,False
3,21.389736448011767,9072,False
4,20.973023845689625,9049,False
5,25.810310407437328,10495,False
