run,energy_joules,duration_ms,error_flag
1,21.093144920651543,11119,False
2,21.426214552409476,11013,False
3,20.419662795389183,10617,False
4,20.880507753389136,9920,False
5,21.198716876184275,10126,False
