run,energy_joules,duration_ms,error_flag
1,49.97826092821228,24436,False
2,63.57722875678249,31060,False
3,47.585844371186134,21147,False
4,49.17157095466565,23724,False
5,47.779739840275255,21931,False
