run,energy_joules,duration_ms,error_flag
1,24.62453329426274,10630,False
2,22.55619493571603,9612,False
3,19.56368949333034,10257,False
4,20.36639334569189,8442,False
5,21.139232131966146,8983,False
