run,energy_joules,duration_ms,error_flag
1,38.2190112677114,32300,False
2,37.64525790399659,30282,False
3,38.437773710918,30254,False
4,39.45466117938323,30423,False
5,38.76180722312538,29454,False
