run,energy_joules,duration_ms,error_flag
1,32.89512635231931,13542,False
2,36.98380673067471,14507,False
3,33.68852247422952,13727,False
4,35.48942547009562,13858,False
5,36.28879463502719,14297,False
