run,energy_joules,duration_ms,error_flag
1,12.914666747342972,7207,False
2,14.377007550415085,7490,False
3,12.494391751770062,7224,False
4,19.33225647715809,8189,False
5,13.092892828384036,7226,False
