run,energy_joules,duration_ms,error_flag
1,12.402051361816103,6285,False
2,14.132465064705633,8079,False
3,15.806086190067328,6972,False
4,13.993095671745161,6423,False
5,15.536013657572873,7377,False
