run,energy_joules,duration_ms,error_flag
1,50.34005651579066,21209,False
2,53.635593101075706,22908,False
3,53.09220778979605,22540,False
4,51.81082021001796,23789,False
5,49.72597306657119,21917,False
