run,energy_joules,duration_ms,error_flag
1,22.824045165339253,12917,False
2,21.95302792226194,12819,False
3,26.784241080595184,14183,False
4,26.733512587236913,13449,False
5,23.31318907333229,10601,False
