run,energy_joules,duration_ms,error_flag
1,17.260850350980284,8224,False
2,16.1341800301474,7242,False
3,16.67458001857598,8042,False
4,17.20279352071462,8273,False
5,17.174113406706457,7723,False
