run,energy_joules,duration_ms,error_flag
1,42.399308583822354,21511,False
2,41.100216863248015,20385,False
3,43.883530856381924,22300,False
4,43.106586194249736,21225,False
5,38.62924049675097,20171,False
