run,energy_joules,duration_ms,error_flag
1,14.01172141718266,7845,False
2,14.472573412940797,7588,False
3,15.59927620211649,8034,False
4,13.179360157622352,9313,False
5,15.918159256690423,9200,False
