run,energy_joules,duration_ms,error_flag
1,22.38645478727795,10704,False
2,22.243374891732536,9233,False
3,22.158475000145064,10505,False
4,25.285813361419766,12129,False
5,23.73232229556606,14853,False
