run,energy_joules,duration_ms,error_flag
1,15.162387759005842,6473,False
2,9.19006368532725,4931,False
3,9.746996096884667,5867,False
4,10.06421753930958,6601,False
5,8.854500088987557,5095,False
