run,energy_joules,duration_ms,error_flag
1,15.657236872625404,8523,False
2,14.172589203568489,7713,False
3,14.067621186043507,7332,False
4,15.512015517669314,7615,False
5,14.389690646910019,7512,False
