run,energy_joules,duration_ms,error_flag
1,14.945115630434481,5790,False
2,13.256649459417588,6987,False
3,16.00587073544624,6060,False
4,13.501967236522713,6735,False
5,15.251572064403888,6488,False
