run,energy_joules,duration_ms,error_flag
1,15.585548354830136,6627,False
2,14.181898984814493,6059,False
3,15.876017501860838,6176,False
4,14.414035478209485,5911,False
5,15.464641969447483,6019,False
