run,energy_joules,duration_ms,error_flag
1,22.896710652259856,10471,False
2,24.883431601490578,11489,False
4,21.741284610868775,10761,False
5,22.101495184660582,9746,False
5,23.538966998990116,10282,False
