run,energy_joules,duration_ms,error_flag
1,58.36313402994982,22830,False
2,51.2144043813793,20960,False
3,52.63227974396795,22632,False
4,53.87020734873751,23831,False
5,52.572778157977176,22422,False
