run,energy_joules,duration_ms,error_flag
1,23.088215820023542,11415,False
2,19.91416798234071,9357,False
3,20.833396341681137,11020,False
4,22.33400794419175,10539,False
5,21.382889748049628,11744,False
