run,energy_joules,duration_ms,error_flag
1,14.150003050821221,5795,False
2,11.32231280683876,5925,False
3,14.498882527410283,5805,False
4,13.580778076047958,5255,False
5,13.28658993486446,5977,False
