run,energy_joules,duration_ms,error_flag
1,47.56149287366647,21027,False
2,49.93135139803816,20912,False
3,42.969549493542175,23646,False
4,47.87385371816108,33125,False
5,47.023950266289496,20337,False
