run,energy_joules,duration_ms,error_flag
1,18.37767622831479,8301,False
2,17.550488653816593,7859,False
3,16.175002422930802,8256,False
4,16.64090602736074,6645,False
5,14.672346366709549,6182,False
