run,energy_joules,duration_ms,error_flag
1,14.553259948285168,7147,False
2,15.714389815305074,6927,False
3,15.659155912994644,7064,False
4,15.303118676979372,7027,False
5,13.92087474235784,6553,False
