run,energy_joules,duration_ms,error_flag
1,19.19469254156328,7699,False
2,17.59886842459819,7625,False
3,16.32260425285755,8945,False
4,17.058543295239037,8307,False
5,18.691307891056724,9084,False
