run,energy_joules,duration_ms,error_flag
1,16.70105476691136,8852,False
2,14.689537485494245,6721,False
3,13.608914244150002,6613,False
5,15.080927997374703,7337,False
5,14.964422840747982,6489,False
