run,energy_joules,duration_ms,error_flag
1,20.03166766192168,8763,False
2,20.67017619381853,9358,False
3,20.012302700292697,8362,False
4,20.35503695180817,9070,False
5,21.393841481002134,10207,False
