run,energy_joules,duration_ms,error_flag
1,9.881983433776956,4462,False
2,15.734593908268668,6076,False
3,9.483710586872778,4619,False
4,11.408208586012195,4986,False
5,9.886754482588355,4531,False
