run,energy_joules,duration_ms,error_flag
1,40.53053135036603,18979,False
2,39.726502763736555,19254,False
3,39.31877782344342,18076,False
4,51.941604179389,26916,False
5,36.665884462001024,20061,False
