run,energy_joules,duration_ms,error_flag
1,12.270447955367205,6738,False
2,12.773738020785922,6841,False
3,11.158651762038907,7427,False
4,11.104841759463381,7383,False
5,13.084524873865268,6496,False
