run,energy_joules,duration_ms,error_flag
1,10.877265801980924,4878,False
2,11.348341121490275,5080,False
3,10.968373095583196,4782,False
4,9.476837019290175,5176,False
5,11.331441467829913,4931,False
