run,energy_joules,duration_ms,error_flag
1,14.801881644554449,6423,False
2,13.830082286964904,6208,False
3,12.70044662772967,5308,False
4,12.132599818329785,6581,False
5,14.362945512905235,6545,False
