run,energy_joules,duration_ms,error_flag
1,23.894886724703778,9866,False
2,22.23199407170475,9081,False
3,24.36657901879967,11641,False
4,24.69621311282483,11315,False
5,30.529568076367955,12148,False
