run,energy_joules,duration_ms,error_flag
1,32.89551780571574,14601,False
2,28.581026847141956,13492,False
3,30.544055314993813,14060,False
4,36.74496507867838,16847,False
5,30.834265817155043,13746,False
