run,energy_joules,duration_ms,error_flag
1,8.312235376736028,4583,False
2,8.267158395664614,4562,False
3,9.177985980196686,4610,False
4,8.278378174501597,4796,False
5,7.907640296978999,4818,False
