run,energy_joules,duration_ms,error_flag
1,26.09088027902033,11740,False
2,28.86509816930693,12658,False
3,27.73414094896217,12252,False
4,27.71030125025989,12057,False
5,25.105602961412394,14832,False
