run,energy_joules,duration_ms,error_flag
1,14.46078353828844,8821,False
2,15.272813176863416,8708,False
3,16.74224529471765,9541,False
4,14.76266782553517,8180,False
5,15.476866987852356,8656,False
