run,energy_joules,duration_ms,error_flag
1,32.217501292642524,13060,False
2,36.65965201696625,14324,False
3,32.551382582578846,13250,False
4,30.569708310025124,17085,False
5,35.21734551718957,13208,False
