run,energy_joules,duration_ms,error_flag
1,17.773583378340003,6830,False
2,14.702952388738868,6180,False
3,19.32159458141353,7769,False
4,14.09302568745531,6734,False
5,18.796739557170735,7640,False
