run,energy_joules,duration_ms,error_flag
1,13.371294856029214,6016,False
2,14.522644034316796,6186,False
3,14.750213024108083,7315,False
4,14.380075185612052,6158,False
5,13.45177746300452,6242,False
