run,energy_joules,duration_ms,error_flag
1,17.41437008779521,8755,False
2,16.979109375711857,8331,False
3,18.344372264057252,9497,False
4,14.54360432726256,8119,False
5,17.26823233969566,8096,False
