run,energy_joules,duration_ms,error_flag
1,16.28292471835608,8196,False
2,15.392597930381699,7727,False
3,15.685184758029779,7561,False
4,15.406123747341956,7857,False
5,13.63603369178398,7958,False
