run,energy_joules,duration_ms,error_flag
1,14.887484618380109,7503,False
2,16.308536480225435,7131,False
3,14.556997685447422,6802,False
4,15.55545466183177,7455,False
5,13.19677812101096,9221,False
