run,energy_joules,duration_ms,error_flag
1,18.11124101909737,8403,False
2,15.266120147968582,9599,False
3,19.218583925300994,10122,False
4,17.535417145150337,8438,False
5,17.226031184473097,8856,False
