run,energy_joules,duration_ms,error_flag
1,16.1636765740517,6728,False
2,19.484096430848318,8820,False
3,15.280097726342433,6498,False
4,14.19229361826256,7333,False
5,15.076031060175547,6398,False
