run,energy_joules,duration_ms,error_flag
1,19.580681083166475,9094,False
2,20.221434534325496,11188,False
3,20.35625876264026,8165,False
4,19.607418069032978,7842,False
5,18.75532509398541,7798,False
