run,energy_joules,duration_ms,error_flag
1,14.212746384609794,8301,False
2,14.674242251150257,8180,False
3,14.403366245128359,7715,False
4,14.296477544481128,7452,False
5,14.558883824712346,7547,False
