run,energy_joules,duration_ms,error_flag
1,30.898388186796215,14862,False
2,25.288904156170908,13386,False
3,27.248715391771945,14035,False
4,29.18935774055444,14247,False
5,29.32017782427963,14560,False
