run,energy_joules,duration_ms,error_flag
1,103.29982242342213,55659,False
2,107.32324189761908,57709,False
3,109.62240270180853,58542,False
4,107.7097837930442,58020,False
5,106.30447522968684,59227,False
