run,energy_joules,duration_ms,error_flag
1,9.01004629327669,3917,False
2,6.239433260829782,3871,False
3,6.00423199464712,3673,False
4,7.473734225479646,3238,False
5,10.022650519097397,4787,False
