run,energy_joules,duration_ms,error_flag
1,25.02891896418083,11107,False
2,23.901188490574306,11812,False
3,23.574688676380454,10886,False
4,21.618253749040402,11421,False
5,25.287775549618598,10664,False
