run,energy_joules,duration_ms,error_flag
1,17.70361404167986,8671,False
2,18.052259901171837,8629,False
3,17.062301328839634,8416,False
4,17.811571432378322,8557,False
5,15.84508271845819,9862,False
