run,energy_joules,duration_ms,error_flag
1,10.22127665994717,4786,False
2,14.125595688118633,6769,False
3,10.020404340302937,4476,False
4,10.813262373127273,4970,False
5,9.875537047708697,4823,False
