run,energy_joules,duration_ms,error_flag
1,28.708284683226843,13431,False
2,29.222872335087285,13518,False
3,28.220121719574202,13411,False
4,28.34366642852335,14036,False
5,21.914831396283986,13041,False
