run,energy_joules,duration_ms,error_flag
1,11.813155976543934,5202,False
2,10.194020184708917,4136,False
3,10.932480138985767,4112,False
4,11.883062946074118,5488,False
5,11.45656435759664,5076,False
