run,energy_joules,duration_ms,error_flag
1,14.620666838133168,8973,False
2,14.92503963019199,8580,False
3,15.084051140593628,8595,False
4,13.331997976180753,9514,False
5,13.012884424787526,9120,False
