run,energy_joules,duration_ms,error_flag
1,25.366451006442706,10549,False
2,28.276402280382925,12768,False
3,26.221543446300657,12662,False
4,26.356718866001312,11353,False
5,25.9456355870792,12505,False
