run,energy_joules,duration_ms,error_flag
1,24.21306225091705,11285,False
2,50.104804898892866,44058,False
3,27.370179785711887,11152,False
4,27.38579492525155,13055,False
5,25.088825458407644,10576,False
