run,energy_joules,duration_ms,error_flag
1,18.087119055424473,11411,False
2,16.6589762673612,9594,False
3,14.592499731731364,10612,False
4,16.2347494959478,9941,False
5,16.71242313653925,10096,False
