run,energy_joules,duration_ms,error_flag
1,26.07415552224157,13703,False
2,27.559859852216807,12131,False
3,28.28666129369373,12012,False
4,33.40800930217528,13577,False
5,35.312583452080865,14685,False
